{"initial_reset_timestamp": 1684168608.5079212, "timestamps": [1684168609.0624824, 1684168609.6977832, 1684168609.7928207, 1684168609.7956274, 1684168609.798569, 1684168609.8022327, 1684168609.804606, 1684168609.8065386, 1684168610.1956432, 1684168610.2809155, 1684168610.283359, 1684168610.286154, 1684168610.2905614, 1684168610.2933967, 1684168610.2956305, 1684168610.3040178, 1684168610.3060048, 1684168610.308949, 1684168610.3114874, 1684168610.3128946, 1684168610.3144817, 1684168610.316423, 1684168610.3186705, 1684168610.3198318, 1684168610.3211377, 1684168610.322359, 1684168610.3237593, 1684168610.8482175, 1684168610.9415877, 1684168610.9452784, 1684168610.9470148, 1684168610.9491508, 1684168610.9515727, 1684168610.9530492, 1684168610.9548533, 1684168610.956627, 1684168610.9577231, 1684168610.9594073, 1684168610.9606435, 1684168610.9620345, 1684168610.9633937, 1684168610.9648802, 1684168610.9667296, 1684168610.9679897, 1684168610.9697466, 1684168610.9712622, 1684168610.9737155, 1684168610.97532, 1684168610.9764855, 1684168610.9789507, 1684168610.980271, 1684168610.9816244, 1684168610.982901, 1684168610.985291, 1684168610.9865544, 1684168610.987758, 1684168610.989446, 1684168610.9921331, 1684168610.993873, 1684168610.9952466, 1684168610.997399, 1684168610.9998047, 1684168611.0016325, 1684168611.0041795, 1684168611.362542, 1684168611.4471152, 1684168611.4489067, 1684168611.450825, 1684168611.4523273, 1684168611.4536602, 1684168611.457054, 1684168611.4595177, 1684168611.460712, 1684168611.463691, 1684168611.4665077, 1684168611.4688218, 1684168611.4710116, 1684168611.4723928, 1684168611.4736123, 1684168611.475329, 1684168611.478093, 1684168611.479439, 1684168611.480921, 1684168611.482626, 1684168611.4842236, 1684168611.4876041, 1684168611.4899144, 1684168611.491625, 1684168611.4943957, 1684168611.496648, 1684168611.4980059, 1684168611.4998481, 1684168611.5010924, 1684168611.5025716, 1684168611.5049443, 1684168611.5065727, 1684168611.5083387, 1684168611.51024, 1684168611.5121107, 1684168611.5140805], "episode_lengths": [10, 16, 15, 15, 16, 20, 13, 14, 11, 10, 11, 13, 19, 16, 17, 61, 13, 22, 19, 10, 12, 14, 17, 8, 9, 9, 10, 15, 13, 19, 12, 15, 17, 10, 13, 12, 8, 12, 9, 10, 10, 10, 14, 9, 13, 11, 18, 12, 8, 17, 9, 10, 9, 18, 9, 9, 12, 20, 13, 10, 16, 18, 13, 19, 10, 22, 9, 14, 11, 9, 25, 14, 8, 22, 20, 17, 13, 10, 9, 13, 21, 10, 11, 13, 12, 23, 17, 13, 21, 17, 10, 14, 9, 11, 15, 12, 13, 14, 14, 15], "episode_rewards": [10.0, 16.0, 15.0, 15.0, 16.0, 20.0, 13.0, 14.0, 11.0, 10.0, 11.0, 13.0, 19.0, 16.0, 17.0, 61.0, 13.0, 22.0, 19.0, 10.0, 12.0, 14.0, 17.0, 8.0, 9.0, 9.0, 10.0, 15.0, 13.0, 19.0, 12.0, 15.0, 17.0, 10.0, 13.0, 12.0, 8.0, 12.0, 9.0, 10.0, 10.0, 10.0, 14.0, 9.0, 13.0, 11.0, 18.0, 12.0, 8.0, 17.0, 9.0, 10.0, 9.0, 18.0, 9.0, 9.0, 12.0, 20.0, 13.0, 10.0, 16.0, 18.0, 13.0, 19.0, 10.0, 22.0, 9.0, 14.0, 11.0, 9.0, 25.0, 14.0, 8.0, 22.0, 20.0, 17.0, 13.0, 10.0, 9.0, 13.0, 21.0, 10.0, 11.0, 13.0, 12.0, 23.0, 17.0, 13.0, 21.0, 17.0, 10.0, 14.0, 9.0, 11.0, 15.0, 12.0, 13.0, 14.0, 14.0, 15.0], "episode_types": ["t", "t", "t", "t", "t", "t", "t", "t", "t", "t", "t", "t", "t", "t", "t", "t", "t", "t", "t", "t", "t", "t", "t", "t", "t", "t", "t", "t", "t", "t", "t", "t", "t", "t", "t", "t", "t", "t", "t", "t", "t", "t", "t", "t", "t", "t", "t", "t", "t", "t", "t", "t", "t", "t", "t", "t", "t", "t", "t", "t", "t", "t", "t", "t", "t", "t", "t", "t", "t", "t", "t", "t", "t", "t", "t", "t", "t", "t", "t", "t", "t", "t", "t", "t", "t", "t", "t", "t", "t", "t", "t", "t", "t", "t", "t", "t", "t", "t", "t", "t"]}