{"initial_reset_timestamp": 1690102365.4543202, "timestamps": [1690102370.1039743, 1690102374.631732, 1690102378.5867226, 1690102382.703121, 1690102387.2676556, 1690102392.3860788, 1690102396.6914856, 1690102401.7814002, 1690102408.8472495, 1690102412.9684238, 1690102416.6202612, 1690102421.2951133, 1690102425.6901436, 1690102430.397985, 1690102434.5963428, 1690102438.6161308, 1690102442.4828153, 1690102446.3587344, 1690102450.4638474, 1690102455.4732494], "episode_lengths": [1646, 1602, 1614, 1694, 1878, 2102, 1767, 2096, 2610, 1704, 1526, 1966, 1896, 2017, 1746, 1694, 1626, 1650, 1716, 2073], "episode_rewards": [5400.0, 5700.0, 7300.0, 5300.0, 5700.0, 7500.0, 4800.0, 7600.0, 11400.0, 3900.0, 2900.0, 4900.0, 6700.0, 7400.0, 6800.0, 8100.0, 2900.0, 5200.0, 5600.0, 6800.0], "episode_types": ["t", "t", "t", "t", "t", "t", "t", "t", "t", "t", "t", "t", "t", "t", "t", "t", "t", "t", "t", "t"]}